brand,image_url,price,rating,title,total_review
ELEGANTE,https://m.media-amazon.com/images/I/5193amnm+wL._AC_UL320_.jpg,399,4.3 out of 5 stars,Rectanglular Sunglasses for Women Retro Driving Sunlgasses Vintage Fashion Narrow Square Frame UV400 Protection,"1,673"
Fastrack,https://m.media-amazon.com/images/I/515eaPvFcgL._AC_UL320_.jpg,688,4.0 out of 5 stars,Men Square Sunglasses Black Frame Black Lens (NBP357BK1),"10,464"
ELEGANTE,https://m.media-amazon.com/images/I/41dFq2Y3ScL._AC_UL320_.jpg,649,3.9 out of 5 stars,UV Protected Driving Vintage Pilot Gradient Metal Body Square Sunglasses for Men and Women,125
ELEGANTE,https://m.media-amazon.com/images/I/515gKnUgwpL._AC_UL320_.jpg,299,3.6 out of 5 stars,Men's Square Sunglasses,"2,693"
CREEK,https://m.media-amazon.com/images/I/51sG7s-OYpL._AC_UL320_.jpg,399,3.9 out of 5 stars,"Unisex Octagonal Sunglasses/Frame for Men & Women - Black/Pink/Yellow/Blue Combo, Pack of 4, Free Size",580
LORENZ,https://m.media-amazon.com/images/I/81SbqrhpsOL._AC_UL320_.jpg,298,3.6 out of 5 stars,Analogue Black Dial Men's Watch & Wayfarer Sunglasses Combo for Men |Gift Combo Set for Men & Boys (CM-103SN),906
ROYAL SON,https://m.media-amazon.com/images/I/61P5oi47ErL._AC_UL320_.jpg,399,3.7 out of 5 stars,Unisex Adult Aviator Sunglasses,"2,662"
Fastrack,https://m.media-amazon.com/images/I/513DAfKMe+L._AC_UL320_.jpg,738,4.1 out of 5 stars,UV Protected Square Men's Sunglasses - (P424BK1|53|Grey Color Lens),827
CREATURE,https://m.media-amazon.com/images/I/71CxtNKeTlL._AC_UL320_.jpg,419,3.8 out of 5 stars,Black & Green Sunglasses Combo with UV Protection (Lens-Black & Green||Frame-Black & Green||SUN-001-003),"3,104"
ELEGANTE,https://m.media-amazon.com/images/I/41gJywPgc9L._AC_UL320_.jpg,385,4.0 out of 5 stars,UV Protected Small Shape Vintage Rivet Round Sunglass for Men,13
NUVeW,https://m.media-amazon.com/images/I/61gGCfiUk9L._AC_UL320_.jpg,398,4.3 out of 5 stars,Mirrored Cat eye Sunglasses For Women - (Color Variants Available | Medium),537
ROYAL SON,https://m.media-amazon.com/images/I/61ebHG7ezaL._AC_UL320_.jpg,499,3.8 out of 5 stars,Retro Square Sunglasses For Men,695
ELEGANTE,https://m.media-amazon.com/images/I/61E711SNiOL._AC_UL320_.jpg,399,3.8 out of 5 stars,Unisex Round Sunglasses Inspired from Allu Arjun Sunglass for Men and Women,742
Dervin,https://m.media-amazon.com/images/I/61NRp2AD27L._AC_UL320_.jpg,375,3.9 out of 5 stars,Men's & Boy's Square Sunglasses,"1,800"
NUVeW,https://m.media-amazon.com/images/I/71QsEZVEzHL._AC_UL320_.jpg,398,3.6 out of 5 stars,Unisex Combo Pack of 5 Aviator Sunglasses (Multi-color | Free Size | UV Protection),"1,958"
SELLORIA,https://m.media-amazon.com/images/I/41MEzgtCBRL._AC_UL320_.jpg,279,3.8 out of 5 stars,Boy's Combo Pack of with Black Sunglass with Black Baseball Cap,35
Generic,https://m.media-amazon.com/images/I/417-bNYG2HL._AC_UL320_.jpg,215,,Vedehi Collecions21 GREY SUNGLASSES,
Generic,https://m.media-amazon.com/images/I/410NbR+a+oL._AC_UL320_.jpg,249,,sunglasses,
Generic,https://m.media-amazon.com/images/I/21QhJeyDvkL._AC_UL320_.jpg,699,,Eyecon Goggle Sunglasses,
Generic,https://m.media-amazon.com/images/I/41RLMcI1RqL._AC_UL320_.jpg,229,,Sunglasses,
Generic,https://m.media-amazon.com/images/I/21dhFPyUu6L._AC_UL320_.jpg,"1,793",,sunglasses,
Generic,https://m.media-amazon.com/images/I/41UoPC7mMeL._AC_UL320_.jpg,229,,SUNGLASSES,
Generic,https://m.media-amazon.com/images/I/41+2+o6vzpL._AC_UL320_.jpg,229,,Sunglasses,
CREATURE,https://m.media-amazon.com/images/I/61AX6WRwTpL._AC_UL320_.jpg,245,3.5 out of 5 stars,Basic Black Aviator Uv-Protected Unisex Sunglasses(Lens-Jet-Black||Frame-Black||SUN-004),"1,286"
ROYAL SON,https://m.media-amazon.com/images/I/71OFesEpScL._AC_UL320_.jpg,279,3.3 out of 5 stars,"Unisex Stylish Oval Sunglasses/Goggles Combo (Black, Brown and Clear, Medium)","1,485"
CAAJU,https://m.media-amazon.com/images/I/31xeI95vLHL._AC_UL320_.jpg,250,3.6 out of 5 stars,Thug Life Sunglasses Limited Edition (Unisex) (Black),12
Dervin,https://m.media-amazon.com/images/I/61kMziNMZhL._AC_UL320_.jpg,322,3.2 out of 5 stars,"Unisex Aviator and Rectangular Sunglasses (55, Black) - Combo of 3",695
Intellilens,https://m.media-amazon.com/images/I/41djw-B5IdS._AC_UL320_.jpg,749,4.2 out of 5 stars,100% UV Protected HD Vision Road Rider Polarised Sunglasses For Riding Driving Travelling Sports and Outdoors,181
ELEGANTE,https://m.media-amazon.com/images/I/41+XHrgxm+S._AC_UL320_.jpg,349,3.8 out of 5 stars,Men's Rectangular Sunglasses,563
ELEGANTE,https://m.media-amazon.com/images/I/31ongpSyGBL._AC_UL320_.jpg,349,3.9 out of 5 stars,Men's Round Sunglasses,733
clark n palmer,https://m.media-amazon.com/images/I/61QNVxiIHKL._AC_UL320_.jpg,499,4.2 out of 5 stars,UV Protected Sports Unisex SUNGLASSES - (CNP-SM-116 I Free Size |Blue Mirror Lens),145
Fastrack,https://m.media-amazon.com/images/I/31MHlxnl-0L._AC_UL320_.jpg,684,4.0 out of 5 stars,Men Square Sunglasses Black Frame Green Lens Medium,190
ELEGANTE,https://m.media-amazon.com/images/I/719p3mljpHL._AC_UL320_.jpg,349,3.5 out of 5 stars,"Men's Square Sunglasses (3006, Green Black Brown Red) -Combo of 5",297
Roshfort,https://m.media-amazon.com/images/I/71US-yXfrwL._AC_UL320_.jpg,449,3.6 out of 5 stars,Vintage Oval Sunglasses Metal Frame Oval Skinny Cat Eye Sunglass For Women Slender Candy Color Black Sun glasses Eyewear Small Size,21
Aferlite,https://m.media-amazon.com/images/I/51uBaK-H2HL._AC_UL320_.jpg,499,4.6 out of 5 stars,Gold Series Unisex Rectangular Polarized Sunglasses 100% UV protection for Men Women,41
clark n palmer,https://m.media-amazon.com/images/I/61U7MgX9aSL._AC_UL320_.jpg,499,4.0 out of 5 stars,UV Protected Sports Unisex SUNGLASSES - (CNP-SM-117 I Free Size |Blue Mirror Lens),71
VINCENT CHASE EYEWEAR,https://m.media-amazon.com/images/I/41N9iFJmpBL._AC_UL320_.jpg,749,3.6 out of 5 stars,Vincent Chase By Lenskart | Polarized & UV Protected Sunglasses | Black Grey Full Rim Wayfarer | For Men & Women | Large | VC S11740,23
CREATURE,https://m.media-amazon.com/images/I/712Dvez61SL._AC_UL320_.jpg,289,3.3 out of 5 stars,Matt Finish Club master Uv Protected Sunglasses(Doit-006| 53| Frame-Black),"3,467"
ELEGANTE,https://m.media-amazon.com/images/I/51uYuk9R8pL._AC_UL320_.jpg,299,3.6 out of 5 stars,Men's Square Sunglasses,"3,617"
Xforia,https://m.media-amazon.com/images/I/71+9+pKvGHL._AC_UL320_.jpg,499,3.3 out of 5 stars,Men's Tony Stark Glasses Spider Iron Man Edith Sunglasses Analog Watch Combo For Men's & Boy's,14
ARZONAI,https://m.media-amazon.com/images/I/51DQjbN1R6L._AC_UL320_.jpg,499,3.9 out of 5 stars,Unisex Adult Square Sunglasses (Black Lens) (Medium),380
Ray-Ban,https://m.media-amazon.com/images/I/51On3GO1piL._AC_UL320_.jpg,,3.6 out of 5 stars,Unisex UV Protected Sunglasses ( 0RB3025I|58 mm|Crystal Gray-Green),203
ELEGANTE,https://m.media-amazon.com/images/I/510Hw6FpN+L._AC_UL320_.jpg,349,3.9 out of 5 stars,Branded Men's and Women's Round Tony Stark Steampunk Golden Metal Round Sunglass (Gold),131
JIM HALO,https://m.media-amazon.com/images/I/61fSkO4AYlL._AC_UL320_.jpg,"1,098",4.1 out of 5 stars,Polarized Sports Sunglasses Mirror Wrap Around Driving Fishing Men Women,"1,883"
Eyvyn...Quality is what you need,https://m.media-amazon.com/images/I/41PKox6m6qL._AC_UL320_.jpg,349,4.6 out of 5 stars,Eyvyn HD Vision Day and Night Unisex HD Vision Goggles Anti-Glare Polarized Sunglasses Men/Women Driving Glasses Sun Glasses UV Protection All Bikes & Car,34
HAYDEN haiza,https://m.media-amazon.com/images/I/51op0dvoBUL._AC_UL320_.jpg,549,3.5 out of 5 stars,Men's Original Polarized Aviator TAC polycarbonate and metal Material Sunglasses Black light shade size [Medium],35
ARICKS,https://m.media-amazon.com/images/I/513VBtBPa6L._AC_UL320_.jpg,359,5.0 out of 5 stars,Retro Rectangle Sunglasses Women and Men Vintage Small Square Sun Glasses UV Protection Glasses,1
Dervin,https://m.media-amazon.com/images/I/51Z1Tml1OzL._AC_UL320_.jpg,424,3.7 out of 5 stars,Allu Arjun Inspired UV Protected Round Sunglasses for Men and Women,111
CREATURE,https://m.media-amazon.com/images/I/614D7fogd4L._AC_UL320_.jpg,289,3.4 out of 5 stars,Matt Finish Club master Uv Protected Sunglasses,293
Vincent Chase,https://m.media-amazon.com/images/I/51LyqBqc4KL._AC_UL320_.jpg,749,3.8 out of 5 stars,by Lenskart | Square Stylish Sunglasses | Polarized & UV Protected | For Men & Women | Large | VC S12644,80
ARICKS,https://m.media-amazon.com/images/I/41LehQHylBL._AC_UL320_.jpg,349,3.9 out of 5 stars,UV protected Unisex Sunglasses | Tony Stark Iron man Avengers Goggles | Anti Glare & UV 400 filtering Glass | Square Metal Frame - For Men and Women,23
CREEK,https://m.media-amazon.com/images/I/31cCr-gRStL._AC_UL320_.jpg,349,3.8 out of 5 stars,Unisex Adult Round Sunglasses (Pack of 5),163
Dervin,https://m.media-amazon.com/images/I/61FRNws4P+L._AC_UL320_.jpg,284,3.1 out of 5 stars,Transparent Night Driving Aviator Sunglasses for Men and Women Combo of 2(53 Unisex Sunglasses),762
BAVINCIS,https://m.media-amazon.com/images/I/61KKLGORS5L._AC_UL320_.jpg,"2,499",5.0 out of 5 stars,STANLY D11 SILVER AND GRAY GRADIENT EDITION SUNGLASSES,2
Fastrack,https://m.media-amazon.com/images/I/61U55pAAebL._AC_UL320_.jpg,551,4.0 out of 5 stars,Men Pilot Sunglasses Black Frame Brown Lens (Product code- P358BK2V),"3,216"
